yoori Kim<yoorikim8812@gmail.com>
Seughwan Lee<seunghwan890315@gmail.com>
Hansol Jang<hansol.jang@gmail.com>
Guillaume Blanchet<me@guillaumeblanchet.com>
I DOUBLE S I<issivideos@gmail.com>
Jordan Scott<jordanscottdesign@gmail.com>
Matt J<contact@mattj.ca>
JR Schmidt<jrschmidt13@gmail.com>
SARIEL KESLASI<animsariel@gmail.com>
Matthew K<matthewkfanclub@gmail.com>
Turgut Akacik<turgutakacik@gmail.com>
Sinclair&Hill<fineart@alexiasinclair.com>
Luiz Stockler<luizstockler86@gmail.com>
Dimitri Basil<dimitribasil@gmail.com>
Kaleida<info@kaleidavision.com>
Team Illuster<info@illuster.nl>
Team Moustache<contact@lesfreresmoustache.com>
Daniel Farah<contact@danielfarah.com>
Miguel Jiron<mibaji@gmail.com>
Harrys<harry@theharrys.org>
Benjamin Labeau<bhlebeau@gmail.com>
Team BRDG<info.brdg@gmail.com>